id,first_name,last_name,birthdate,Sex,org_id
1,Thomas,Karcher,Female,2014/6/7,1
2,Manuel,Webb,Female,2014/4/17,1
3,Danny,Dabney,Male,2014/13/10,1
4,Sue,Estrello,Female,2014/5/11,1
5,Donald,Hare,Female,2013/9/24,1
6,Maria,Clark,Other,2015/11/4,1
7,Frank,Greer,Male,2015/13/11,1
8,Lorraine,Ovit,Other,2013/1/15,1
9,Lynette,Stallard,Other,2014/2/2,1
10,Danny,Martin,Male,2013/12/5,1
11,Millard,Johnson,Female,2014/2/10,2
12,Buddy,Taulbee,Male,2015/2/16,2
13,Erika,Eubanks,Female,2015/8/7,2
14,Martin,Lewis,Female,2013/12/19,3
15,Dana,George,Male,2013/10/29,3
16,Teddy,Hyer,Female,2014/8/3,3
17,Bernita,Forsythe,Male,2015/4/25,3
18,Donald,Webb,Other,2015/9/26,3
19,Frank,Senz,Male,2015/9/8,3
20,Jeff,Farnes,Other,2013/4/25,3
21,William,Dixon,Male,2014/7/16,3
22,William,Acencio,Other,2015/3/10,3
23,Randall,Bullman,Male,2015/7/9,3
24,Teddy,Rhea,Male,2013/9/14,3
25,Dave,Sakoda,Female,2013/1/12,3
26,Maria,Estrello,Male,2015/2/10,3
27,Randall,Dellinger,Other,2014/6/26,3
28,Karen,Brush,Other,2015/12/10,4
29,Manuel,Acencio,Female,2013/9/2,4
30,Scott,Hart,Female,2015/13/25,4
31,Maria,Martin,Other,2015/13/2,4
32,Connie,Cutting,Other,2013/12/20,4
33,David,Flax,Male,2013/10/6,5
34,Joyce,Steel,Other,2015/11/7,5
35,Shirley,Moore,Female,2015/5/22,5
36,Scott,Barnett,Male,2015/13/11,5
37,Vera,Woods,Female,2014/4/15,5
38,Dana,Griffin,Other,2014/6/2,6
39,Richard,Acencio,Other,2015/6/13,6
40,Millard,Steel,Other,2015/5/13,7
41,Priscilla,Hutton,Other,2015/4/24,7
42,Cindy,Meister,Other,2013/4/23,7
43,William,Mckenzie,Other,2015/9/2,7
44,Peter,Johnson,Male,2013/11/4,7
45,Richard,Carlyle,Female,2013/11/17,8
46,Lorraine,Murray,Female,2015/4/14,8
47,Dave,Whaley,Male,2013/6/29,8
48,Frances,Johnson,Male,2014/3/14,8
49,James,Marcano,Other,2015/12/21,8
50,Lowell,Snyder,Other,2013/10/10,8
51,Dana,Cruzan,Male,2013/11/23,8
52,Richard,Johnson,Other,2015/6/24,8
53,Priscilla,Ohearn,Male,2014/12/28,8
54,Buddy,Mariscal,Male,2014/13/11,8
55,Edna,Galvan,Other,2015/3/12,8
56,Jeff,Martin,Other,2015/8/5,8
57,Michael,Senz,Other,2015/1/5,9
58,Rebecca,Crockett,Male,2013/1/23,9
59,Lorraine,Allgood,Male,2014/3/17,9
60,Kevin,Brewer,Female,2014/9/6,9
61,Frank,Rhea,Other,2015/4/8,9
62,Valerie,Manning,Female,2015/12/23,9
63,Richard,Dellinger,Female,2015/1/9,9
64,Matthew,Brewer,Male,2015/8/9,9
65,James,Taulbee,Male,2014/13/8,9
73,William,Williams,Female,2013/11/3,11
74,Jennifer,Hoehn,Male,2013/13/19,11
75,Michael,Stallard,Other,2015/3/1,12
76,Joel,Woods,Female,2013/5/25,12
77,Karen,Maskell,Other,2014/2/22,12
78,Michael,Eubanks,Female,2013/9/2,12
79,Simon,Sneed,Male,2015/13/19,12
86,Lynette,Ohearn,Female,2015/13/29,14
87,Dana,Steel,Male,2015/7/13,14
88,Lorraine,Acencio,Male,2013/6/16,15
118,Jeff,Brewer,Female,2014/11/4,21
119,Vickie,Hutton,Other,2015/1/2,21
120,Gertrude,Kenan,Male,2013/2/28,21
121,Priscilla,Elkins,Other,2013/12/1,21
122,Michael,Baier,Male,2015/9/17,22
123,Manuel,Dixon,Male,2015/13/13,22
124,Richard,Marcano,Other,2013/2/28,22
125,Frances,Hensley,Female,2014/6/19,22
126,Danny,Brooker,Male,2013/7/2,22
127,Jeff,Eubanks,Other,2015/5/29,23
128,Christopher,Crump,Other,2015/9/18,23
129,Michael,Hoehn,Male,2015/12/27,23
130,David,Baker,Female,2013/9/7,23
131,Simon,Sakoda,Female,2015/9/14,23
132,Shirley,Brooker,Female,2013/12/19,23
133,Lowell,Randolph,Female,2014/6/6,23
134,Ian,Forsythe,Other,2013/7/3,23
135,Connie,Morrissette,Other,2013/2/23,23
136,Lowell,Mariscal,Other,2014/7/11,24
137,Kenny,Clark,Female,2015/7/2,24
138,Richard,Hensley,Other,2013/10/25,24
139,Lisa,Brewer,Female,2015/2/11,24
140,Grace,Gonzalez,Male,2013/6/11,24
141,Allen,Murray,Other,2014/9/18,24
142,Nicholas,Steel,Male,2013/10/20,25
143,Johnathan,Lovejoy,Female,2014/8/8,25
144,Scott,Carlyle,Female,2015/3/24,25
145,Larry,Sneed,Male,2015/3/3,25
146,William,Allgood,Female,2015/3/19,25
147,Donald,Brooker,Other,2015/5/28,25
148,Maria,Hart,Other,2014/13/27,25
149,Gerald,Tegeler,Other,2013/1/9,25
150,Kevin,Ferguson,Other,2013/5/27,25
151,Gerald,Elkins,Female,2013/7/23,25
152,Shirley,Woods,Female,2015/12/2,25
153,Valerie,Moore,Other,2013/8/15,26
154,Larry,Hyer,Female,2014/11/17,26
155,David,Allgood,Male,2014/5/19,26
156,Nancy,Dellinger,Female,2013/4/8,26
157,Jeff,Baker,Female,2014/10/21,26
158,Peter,Williams,Female,2013/6/3,26
159,Gertrude,Rhea,Other,2014/3/16,26
160,David,Baker,Other,2015/8/16,26
161,Scott,Sneed,Other,2013/11/2,26
162,Thomas,Li,Male,2014/10/10,26
163,Dana,Hare,Male,2014/3/22,26
164,Shirley,Flax,Male,2014/6/14,27
165,Allen,Yandell,Female,2014/8/14,27
166,Michael,Lee,Male,2013/4/17,27
167,Lorraine,Crump,Male,2014/9/7,27
168,Frank,Sneed,Other,2014/10/11,27
169,Grace,Anderson,Male,2015/4/17,27
170,Shirley,Yandell,Other,2013/3/25,27
171,Jennifer,Webb,Male,2014/1/16,27
172,Sarah,Gallusser,Female,2015/5/16,27
183,Kenny,Alvarez,Male,2015/2/2,29
184,William,Murray,Other,2015/9/20,29
185,James,Gonzalez,Male,2013/3/24,29
186,Thomas,Brewer,Male,2013/2/29,29
187,Louise,Bryan,Other,2014/7/15,30
188,Rebecca,Moore,Other,2013/7/5,30
189,Travis,Estrello,Male,2014/3/6,30
190,David,Maskell,Female,2014/10/26,30
191,David,Ovit,Other,2015/8/29,30
192,Lynette,Barnett,Male,2015/2/16,30
