id,first_name,last_name,birthdate,Sex,start_work,org_id
1,Kimberly,Oh,1974-1-13,Male,2014-11-11,1
2,John,Jetton,1972-5-19,Female,2014-8-10,1
3,Mark,Haynes,1971-5-8,Other,2015-11-11,1
4,Audrey,Groves,1976-4-16,Other,2013-2-4,1
5,Pete,Miller,1972-12-15,Female,2014-3-25,1
6,Ruth,Bialaszewski,1984-12-26,Male,2015-12-1,1
7,Noe,Schlueter,1974-12-11,Female,2015-6-14,1
8,Danny,Salazar,1986-10-15,Other,2015-3-17,1
9,Kelly,Schlueter,1989-8-11,Other,2014-4-7,1
10,Kelly,Jetton,1990-1-27,Female,2013-7-2,1
11,Michelle,Delatorre,1986-2-16,Other,2013-8-6,2
12,John,Quintana,1984-9-6,Female,2013-3-1,2
13,Donald,Sharon,1985-4-12,Other,2015-1-11,2
14,Danny,Stelly,1970-3-27,Other,2015-11-27,2
15,Terry,Jackson,1971-9-24,Other,2015-1-14,2
16,Jennifer,Oubre,1976-11-2,Other,2013-5-22,2
17,Gaye,Sharon,1982-1-13,Female,2014-1-21,2
18,Deloris,Depuy,1978-6-17,Female,2013-7-15,3
19,Danny,Blanchard,1985-5-17,Other,2014-1-16,3
20,John,Lunsford,1975-8-10,Female,2014-8-11,3
21,Sandy,Holcombe,1986-4-12,Other,2014-11-5,3
22,Harry,Knight,1983-10-4,Female,2013-5-24,4
23,Doris,Groves,1981-4-23,Female,2014-8-28,4
24,Christine,Fruchter,1981-6-19,Female,2015-1-12,4
25,Cody,Clark,1974-4-16,Female,2014-11-15,4
26,George,Harbin,1972-1-28,Female,2013-4-13,4
27,Bessie,Woolford,1980-2-6,Other,2013-3-27,5
28,Karen,Stelly,1971-10-24,Male,2015-9-26,5
29,Leslie,Hartage,1980-7-9,Female,2015-4-27,5
30,Debbie,Santiago,1993-10-6,Female,2014-1-22,5
31,Billie,Johnson,1992-12-23,Female,2015-10-20,5
32,Penny,Harting,1987-8-13,Female,2015-9-10,5
33,Betty,Poole,1993-10-23,Female,2014-9-25,5
34,Lucille,Harting,1971-1-6,Other,2014-12-6,5
35,Cora,Lunsford,1976-2-27,Male,2013-3-14,5
36,Mabel,Klinkhammer,1990-2-5,Female,2015-9-10,5
37,Cora,Rutkowski,1995-6-19,Male,2015-5-8,6
38,Tanya,Trites,1974-2-25,Other,2014-5-19,6
39,Jasmine,Santiago,1980-9-5,Female,2013-4-19,6
40,Man,Woolford,1972-11-26,Other,2014-8-1,6
41,Karen,Rish,1981-5-18,Female,2014-7-2,6
42,Karen,Harting,1989-6-11,Female,2014-1-24,7
43,Michael,Thomas,1986-2-11,Female,2013-12-22,7
44,Cheri,Mohseni,1984-1-25,Male,2014-4-1,7
45,Lucile,Dubicki,1977-3-12,Male,2013-2-13,7
46,Mark,Harden,1990-2-12,Other,2014-5-4,7
47,Chad,Trites,1988-11-17,Male,2014-1-25,7
48,Audrey,King,1987-11-8,Female,2015-7-4,7
49,Anna,Smith,1984-4-10,Other,2013-11-13,7
50,Pete,Le,1983-8-28,Other,2013-7-23,8
51,Joseph,Blanchard,1971-6-24,Male,2015-2-19,8
52,Raymond,Ellis,1971-8-25,Other,2015-10-6,8
53,Mary,Jackson,1990-4-22,Female,2015-7-18,8
54,John,Ellis,1987-2-20,Other,2015-1-13,8
55,Stephen,Sesco,1985-6-3,Other,2015-2-24,8
56,Anna,Dinsmore,1977-8-22,Other,2013-7-28,8
57,George,Mattson,1986-4-25,Other,2015-9-25,8
58,Deloris,Turner,1976-4-22,Other,2013-1-6,8
59,Virginia,Lehnortt,1986-7-17,Male,2014-8-21,8
60,Mary,Sesco,1986-5-24,Other,2014-6-25,9
61,Bessie,Fehling,1970-5-16,Female,2013-9-28,9
62,Debbie,Cater,1989-5-5,Male,2015-4-25,9
63,Doris,Lunsford,1983-11-13,Other,2013-8-3,9
64,Cody,Hyde,1995-7-9,Female,2013-10-20,9
65,Christine,Louder,1991-5-27,Male,2014-11-7,9
66,Joseph,Mohseni,1981-11-28,Other,2014-1-19,9
67,Michael,Ayuso,1983-3-26,Female,2013-11-25,9
68,Audrey,Whitaker,1979-3-22,Other,2015-6-11,9
69,Steve,Keaton,1973-12-4,Male,2014-7-8,9
70,Charles,Harbin,1989-2-7,Other,2015-11-26,10
71,Judy,Depuy,1986-12-21,Other,2015-9-11,10
72,Virginia,Hartage,1985-6-12,Male,2013-6-23,10
73,Bessie,Campbell,1986-3-10,Female,2013-11-20,10
74,Thelma,Martinson,1977-8-13,Other,2013-2-10,10
75,Thelma,Toki,1983-12-11,Other,2013-1-25,10
76,Aaron,Fehling,1990-5-9,Female,2015-12-23,10
77,Noe,Oppenheim,1995-9-24,Female,2013-8-28,10
78,Stephen,Hartage,1992-7-6,Male,2013-8-11,11
79,Deloris,Webster,1979-6-12,Other,2013-2-14,11
80,Pia,Hernandez,1987-11-13,Female,2013-1-21,11
81,Laura,Poole,1973-1-14,Other,2014-11-8,11
82,Cynthia,Sesco,1978-4-9,Male,2013-6-21,11
83,William,Knight,1994-12-25,Male,2013-6-28,11
84,Manuel,Nevills,1972-6-19,Female,2014-4-2,11
85,Daniel,Southwick,1971-5-1,Male,2014-12-16,11
86,Lucille,Clark,1982-4-5,Other,2013-1-24,11
87,Stephen,Blanchard,1990-10-10,Male,2015-10-13,12
88,John,Sesco,1983-12-11,Female,2013-1-28,12
89,Doris,Hartage,1987-3-2,Male,2013-11-21,12
90,Judy,Harting,1990-11-24,Female,2013-8-4,12
91,Billie,Bialaszewski,1983-4-13,Female,2013-1-5,12
92,Michael,Southwick,1992-10-3,Other,2014-5-6,12
93,Anna,Mcclanahan,1978-10-23,Male,2014-6-27,12
94,Charles,Harting,1987-5-3,Male,2013-9-22,12
95,Pete,Miller,1972-10-3,Other,2014-9-10,12
96,Betty,Lopez,1987-3-17,Female,2013-11-13,12
97,Lucille,Jetton,1983-8-2,Female,2015-6-25,12
98,Thelma,Galuska,1970-7-2,Other,2013-7-18,13
99,Mary,Eller,1982-6-3,Female,2013-9-19,13
100,Joseph,Klinkhammer,1987-10-6,Male,2015-5-15,13
101,Leslie,Lunsford,1973-10-10,Other,2014-4-12,13
102,Raymond,Alvarez,1986-7-3,Male,2014-5-22,13
103,Doris,Groves,1981-10-5,Other,2013-9-15,14
104,Kelly,Klinkhammer,1980-5-25,Male,2014-8-19,14
105,Man,Fruchter,1970-8-6,Male,2014-8-3,14
106,Joseph,Penrod,1989-8-3,Male,2013-1-4,14
107,Ashley,Fehling,1971-6-6,Male,2013-7-7,14
108,Eric,Vogel,1993-7-18,Male,2014-9-28,15
109,John,Knight,1995-1-6,Other,2014-11-28,15
110,Karen,Solares,1971-8-6,Other,2014-10-22,15
111,Anna,Santiago,1971-8-27,Female,2013-7-3,15
112,Earl,Rish,1976-8-3,Male,2013-3-9,15
113,Michael,Everhart,1979-3-28,Male,2014-9-19,15
114,Timothy,Solares,1986-12-23,Other,2014-6-16,15
115,John,Schlueter,1983-7-8,Other,2014-4-27,15
116,Jordan,Featherstone,1989-12-4,Other,2013-10-21,15
117,Ruth,Miller,1972-9-12,Other,2014-7-26,15
118,Charles,Dubicki,1984-12-9,Female,2015-10-8,15
119,Audrey,Blanchard,1970-1-15,Female,2014-3-18,15
120,Lisa,King,1993-2-2,Male,2013-1-1,15
121,Karen,Galuska,1979-10-21,Other,2015-11-20,16
122,Laura,Fehling,1981-7-13,Male,2013-7-12,16
123,Alexander,Wills,1974-3-1,Male,2015-3-4,16
124,Manuel,Smallwood,1988-9-17,Female,2013-5-24,16
125,Virginia,Needham,1970-11-25,Other,2015-7-11,16
126,Esther,Pushaw,1984-6-11,Male,2015-5-24,16
127,Steve,Schlueter,1981-1-11,Other,2014-5-15,16
128,John,Turner,1971-9-26,Female,2013-10-2,16
129,Thelma,Smith,1986-8-8,Other,2013-4-19,16
130,George,Smallwood,1972-7-23,Male,2015-8-27,16
131,Lisa,Johnson,1982-12-2,Male,2013-7-18,17
132,Betty,Rish,1971-10-7,Male,2013-6-18,17
133,Lucille,Hyde,1970-1-23,Male,2014-11-3,17
134,David,Gould,1980-11-4,Other,2014-4-16,17
135,Cheri,Groves,1989-8-14,Other,2015-3-5,17
136,Christine,Murphy,1971-7-26,Other,2015-2-9,18
137,Earl,Blanchard,1991-10-2,Male,2013-10-19,18
138,Maryann,Schlueter,1984-1-22,Female,2014-4-23,18
139,Eric,Keaton,1974-8-11,Other,2015-6-17,18
140,Karen,Raymond,1985-4-21,Male,2015-1-26,18
141,Johnathan,Wells,1988-7-14,Other,2015-5-12,19
142,Johnathan,Santiago,1995-12-23,Male,2013-9-3,19
143,Cody,Rutkowski,1976-10-26,Other,2013-5-21,19
144,Karen,Quintana,1994-11-20,Female,2014-1-2,19
145,Adam,Jetton,1991-1-3,Male,2013-10-12,19
146,Michael,Quintana,1991-8-19,Female,2015-8-27,19
147,Russell,Twyman,1981-6-21,Female,2015-2-20,19
148,Sandy,Vogel,1981-2-8,Male,2015-7-2,19
149,Harry,Rish,1988-6-10,Other,2014-3-4,20
150,Marcia,Schlueter,1984-6-26,Male,2015-11-19,20
151,Betty,Oh,1987-2-17,Other,2013-5-14,20
152,Esther,Keaton,1982-4-9,Male,2015-1-25,20
153,Steve,Solares,1977-1-4,Female,2013-6-20,20
154,Thelma,Haynes,1993-2-14,Other,2015-1-15,20
155,Chad,Southwick,1986-11-2,Female,2013-4-20,20
156,Earl,Needham,1982-4-5,Male,2013-2-28,20
157,Timothy,Solares,1975-12-25,Other,2013-7-4,21
158,Cora,Twyman,1973-9-3,Female,2014-8-27,21
159,Laura,Martinson,1988-11-18,Other,2014-7-1,21
160,Anna,Rutkowski,1976-4-21,Male,2014-11-8,21
161,Walter,Harden,1977-3-2,Male,2013-11-10,21
162,Laura,Trites,1982-12-28,Female,2015-1-13,21
163,Judy,Campbell,1972-10-12,Female,2014-12-3,21
164,Ruth,Harting,1989-1-6,Other,2015-9-2,21
165,Harry,Mendez,1994-8-17,Female,2015-9-3,21
166,Mary,Mohseni,1983-4-21,Male,2013-8-6,21
167,Herman,Whitaker,1989-2-27,Female,2014-8-5,21
168,Karen,Dinsmore,1994-5-27,Female,2015-5-7,21
169,Manuel,Delatorre,1989-12-10,Female,2014-12-20,22
170,Anna,Sesco,1980-5-10,Male,2015-12-25,22
171,Alexander,Miller,1971-2-10,Other,2013-6-4,22
172,Danny,Jackson,1986-2-11,Female,2013-6-20,22
173,Ruth,Mendez,1994-7-8,Female,2014-5-14,22
174,Juan,King,1970-11-28,Other,2015-10-25,22
175,Herman,Johnson,1994-1-2,Female,2015-11-24,22
176,Thelma,Smallwood,1990-5-7,Male,2015-11-2,22
177,Judy,Johnson,1971-8-3,Male,2013-7-3,22
178,Margarita,Southwick,1988-6-3,Female,2013-10-15,22
179,Sandy,Fruchter,1991-9-21,Female,2014-4-12,23
180,Mabel,Santiago,1977-12-25,Other,2014-5-16,23
181,Donald,Wallick,1986-7-10,Other,2014-8-8,23
182,Charles,Salazar,1986-7-12,Other,2013-10-2,23
183,Lucile,Tedrow,1983-1-5,Other,2013-5-22,23
184,Chad,Sullivan,1975-2-3,Male,2013-3-18,23
185,Adam,Haynes,1987-4-7,Female,2015-4-6,24
186,Kimberly,Haynes,1990-4-18,Male,2015-8-5,24
187,Tyler,Raymond,1975-9-5,Female,2013-4-23,24
188,Tyler,Pushaw,1975-8-16,Other,2015-5-11,24
189,Marcia,Rey,1993-8-24,Other,2013-6-18,24
190,Betty,Hernandez,1976-5-27,Other,2013-7-28,24
191,Jennifer,Wallick,1983-2-2,Female,2015-5-25,24
192,Esther,Lunsford,1988-6-26,Other,2013-8-2,24
193,Mary,Pushaw,1993-10-24,Male,2013-9-3,24
194,Juan,Penrod,1988-7-12,Male,2015-2-3,24
195,Marcia,Briceno,1981-3-17,Male,2013-11-8,25
196,Virginia,Smallwood,1971-10-20,Male,2014-1-9,25
197,Sharon,Mattson,1989-3-12,Other,2014-2-23,25
198,Pia,Klinkhammer,1974-4-25,Other,2013-12-20,25
199,Daniel,Wills,1993-9-25,Male,2014-5-3,25
200,Michael,Rutkowski,1993-5-27,Male,2014-8-3,25
201,Mark,Turner,1993-10-20,Other,2013-4-21,25
202,George,Quintana,1982-12-9,Other,2014-8-11,25
203,Herman,Harting,1983-12-16,Female,2014-11-19,25
204,Deloris,Harbin,1992-7-11,Other,2013-12-25,26
205,Laura,Salazar,1982-4-19,Male,2013-7-11,26
206,Edna,Ochwat,1991-11-27,Other,2013-7-14,26
207,Cynthia,Edmiston,1993-11-20,Male,2013-1-18,26
208,Billie,Everhart,1985-10-19,Female,2014-3-18,26
209,William,Johnson,1975-5-11,Female,2015-11-15,26
210,Charles,Stelly,1993-5-8,Female,2014-11-6,26
211,Karen,Mendez,1979-7-28,Male,2014-8-9,26
212,Tanya,Wills,1971-1-16,Female,2013-11-1,26
213,Penny,Oubre,1994-5-7,Female,2013-6-10,27
214,Juan,Johnson,1978-6-4,Female,2013-7-21,27
215,Margarita,Vogel,1983-6-1,Other,2013-10-4,27
216,Audrey,Whitaker,1988-10-12,Other,2014-11-24,27
217,Virginia,Keaton,1992-2-9,Other,2013-8-2,27
218,Pia,Stelly,1992-12-5,Female,2013-11-21,28
219,Anna,Dubicki,1973-11-6,Other,2013-4-22,28
220,David,Le,1984-8-25,Male,2013-8-20,29
221,Walter,Rey,1983-4-5,Female,2015-2-16,29
222,Juan,Groves,1986-3-28,Male,2015-2-1,29
223,Alexander,Groves,1991-5-7,Other,2015-2-16,29
224,Anna,Webster,1970-3-15,Other,2013-12-21,29
225,James,Delatorre,1974-1-2,Female,2015-4-16,29
226,Ruth,Ochwat,1985-2-1,Female,2014-6-21,30
227,Audrey,Santiago,1976-1-4,Female,2014-7-1,30
